,"Seuss, Dr.","Meadows, Daisy","Osborne, Mary Pope","Davis, Jim, 1945 July 28-","Stilton, Geronimo","Rylant, Cynthia","Willems, Mo","O'Connor, Jane","Pilkey, Dav, 1966-","Berenstain, Stan, 1923-2005","Hunter, Erin","Holm, Jennifer L.","Patterson, James, 1947-","Carle, Eric","Park, Barbara","Kusaka, Hidenori","Arnold, Tedd","Riordan, Rick","McDonald, Megan","London, Jonathan, 1947-","Capucilli, Alyssa Satin, 1957-","Henkes, Kevin","Brown, Marc Tolon","DiCamillo, Kate","Cousins, Lucy","Peirce, Lincoln","Stilton, Thea","Wells, Rosemary","Cronin, Doreen","Roy, Ron, 1940-","Numeroff, Laura Joffe","Rowling, J. K.","Parish, Herman","Rabe, Tish","Kann, Victoria","Snicket, Lemony","McCall Smith, Alexander, 1948-","Yolen, Jane","Cleary, Beverly","Kertell, Lynn Maslen.","Dahl, Roald","Barton, Byron","Mayer, Mercer, 1943-","Scarry, Richard","Kishimoto, Masashi, 1974-","Lobel, Arnold","Scieszka, Jon","Smith, Jeff, 1960 February 27-","Gaiman, Neil","Goscinny, 1926-1977","Krosoczka, Jarrett","Martin, Bill, 1916-2004","Parish, Peggy",Peyo,"Brett, Jan, 1949-","Kinney, Jeff","Bruel, Nick","Adler, David A.","Wilson, Karma","Evanovich, Janet","Lagonegro, Melissa","Ehlert, Lois","Barrows, Annie","Yang, Gene Luen","Depken, Kristen L.","Tillworth, Mary","Parr, Todd","Eastman, P. D. (Philip D.)","Child, Lauren","Gutman, Dan","Jance, Judith A.","Brown, Margaret Wise, 1910-1952","Penny, Louise","Gibbons, Gail","Steves, Rick, 1955-","Dean, James, 1957-","Russell, Rachel Renée","Dewdney, Anna","McMullan, Kate","Bemelmans, Ludwig, 1898-1962","Dunrea, Olivier","Shannon, David, 1959-","Maslen, Bobby Lynn","Falconer, Ian, 1959-","LeSieg, Theo., 1904-1991","Connelly, Michael, 1956-","Minarik, Else Holmelund","DePaola, Tomie, 1934-","Sendak, Maurice","Steig, William, 1907-2003","Hergé, 1907-1983","Harper, Charise Mericle","Collins, Suzanne","Keats, Ezra Jack","Lionni, Leo, 1910-1999","Rey, H. A. (Hans Augusto), 1898-1977","Soman, David","Baldacci, David","Wick, Walter, 1953-","Vernon, Ursula"
200504,372,,50,82,,12,32,,12,,,,95,101,55,,12,,,105,,75,176,11,20,,,52,78,,75,39,,,,191,149,37,,,11,73,,,,86,,,,,11,36,,,48,,,,,78,,66,,,,,,50,27,,24,23,,,,,,,26,27,,48,113,60,11,,14,24,25,13,13,,,14,30,58,,,34,
200505,805,,233,271,,193,73,,183,72,11,,212,212,142,,32,,38,275,22,201,511,25,40,,,131,127,,176,122,49,,,357,273,76,30,,44,165,19,30,,166,89,,,,40,105,107,,83,,,11,22,115,,139,,,,,55,94,89,,47,59,,20,,,,,57,77,25,101,183,108,38,,94,76,83,71,47,,14,65,63,101,,,122,
200506,1273,,446,441,55,450,92,,373,155,26,,237,304,269,,62,,72,383,179,250,612,53,60,,,184,158,66,251,201,76,26,,498,346,118,124,,136,233,37,36,,264,198,,15,,52,126,140,,131,,,116,14,175,,182,,,,,72,153,129,,64,117,,55,,,,,53,153,25,140,281,145,52,50,188,122,123,105,53,,32,115,68,134,,,162,
200507,714,,99,310,,236,72,,217,39,,,157,187,170,,12,,38,231,86,140,315,30,34,,,75,136,55,105,419,52,,,281,230,34,45,,67,141,17,,23,148,60,,11,,13,63,93,,62,,,11,12,142,,92,,,,,17,79,69,,49,65,,11,,,,,36,86,,90,204,86,35,46,126,41,51,41,,,13,40,42,81,,,72,
200508,775,,218,238,,228,82,,223,25,,,162,186,188,,50,,,299,44,176,381,31,49,,,112,123,25,152,350,63,,,276,258,70,24,,79,146,23,28,13,145,102,,,,26,103,115,,53,,,11,13,194,,137,,,,,48,105,64,,116,73,,13,,,,,45,82,24,97,142,83,37,64,105,36,66,75,33,,12,67,64,98,,,89,
200509,1060,,277,316,11,404,94,,330,108,23,,186,237,204,,30,14,46,406,142,209,438,55,72,,,113,182,64,242,413,85,25,,287,322,123,36,,49,176,26,65,12,193,116,,12,,35,137,98,,80,,,64,15,213,,205,,,,,72,124,85,,149,113,,80,,,,14,58,105,31,118,286,123,38,81,128,93,119,99,15,,30,115,65,143,,,97,
200510,1158,,262,320,,493,153,,364,188,,,167,280,277,,60,,61,440,115,265,604,37,81,,,157,225,61,223,400,93,,,312,337,135,64,,88,212,42,47,23,249,162,,,26,62,147,161,,138,,,47,27,239,,212,,,,,79,167,121,,170,111,,89,,,,14,53,115,17,121,518,121,51,79,167,103,96,121,17,,14,96,67,158,,,121,
200511,1225,,287,360,,470,102,,371,187,23,,155,317,277,,52,12,70,433,111,255,658,60,87,,,194,230,61,263,358,99,12,,352,340,129,39,,108,212,51,53,22,244,138,,58,,50,144,156,,185,,,77,54,231,,237,,,,,97,162,125,,172,141,,76,,,,13,59,179,31,131,457,129,48,71,139,144,103,122,30,,28,120,67,146,,12,214,
200512,1076,,180,405,,325,89,,266,166,,,140,204,227,,23,,55,315,68,132,462,40,36,,,134,172,23,245,372,71,23,,325,321,92,27,,68,141,22,37,11,175,87,,53,39,20,118,79,,160,,29,13,31,192,,120,,,,,67,144,61,,164,107,,34,,,,,66,153,15,107,410,118,36,72,89,102,89,97,28,,,105,48,86,,,107,
200601,1117,,260,326,,522,99,,290,208,65,,150,252,233,,50,11,52,417,167,229,600,52,57,,,189,220,11,273,386,70,24,,280,295,121,36,,82,239,56,53,11,245,144,,44,33,40,133,132,,184,,26,51,50,181,,187,,,,,79,153,101,,179,91,,116,,,,12,54,130,18,133,555,134,45,56,161,106,106,148,24,,23,137,74,181,,,176,
200602,1066,,187,288,,451,93,,264,166,14,,142,234,220,,43,,31,321,105,178,559,49,60,,,151,222,25,189,292,55,14,,265,226,96,,,59,171,17,39,,225,108,,39,11,27,125,167,,106,,20,42,40,143,,148,,,,,76,130,100,,86,126,,36,,,,,47,107,12,100,415,117,49,47,144,83,99,100,47,,,89,58,179,,,105,
200603,1311,,347,333,22,567,117,21,302,154,78,24,156,269,260,,67,,89,417,165,252,574,65,59,,,184,253,46,246,359,104,23,,255,302,117,68,,90,184,49,26,57,255,133,12,42,36,25,139,138,,152,,25,61,24,215,12,196,,,,,93,164,116,11,116,128,,87,,,,14,53,148,38,151,464,141,52,60,155,132,103,138,37,,13,147,69,181,,,155,
200604,1064,,300,307,,414,159,11,301,173,34,11,115,243,243,,67,27,32,326,108,206,468,55,60,,,237,232,12,200,246,77,24,,257,245,96,108,,38,164,34,38,16,198,88,,36,13,18,125,137,,99,,21,25,15,166,,170,,,,,82,125,127,12,82,113,,25,,,,,48,132,16,148,408,104,38,47,94,104,92,106,32,11,38,77,57,137,,,106,
200605,903,,293,228,,351,130,,237,134,24,21,143,253,200,,59,23,29,320,61,180,443,69,34,,,169,193,23,179,172,81,12,,193,261,92,65,,28,151,34,48,30,181,78,,38,23,34,101,113,,96,,17,26,13,134,,152,,,,,77,128,131,12,93,79,,33,,,,,49,80,,113,308,117,53,41,109,54,87,114,11,,,67,57,125,,,102,
200606,992,,426,308,23,610,125,11,373,166,93,22,103,223,306,,70,28,85,374,160,202,528,99,45,,,163,236,112,189,256,95,49,,314,374,91,126,,88,177,45,43,11,231,184,,33,22,21,107,170,,107,,24,80,27,131,,147,,,,,96,144,160,35,82,73,,18,,,,12,49,117,28,126,467,111,68,54,161,110,98,120,41,12,25,92,71,122,,,141,
200607,1195,,449,390,38,584,168,12,409,193,52,36,170,244,445,,86,37,130,388,206,322,593,94,73,,,179,251,121,257,284,108,57,,353,395,173,114,,103,195,54,42,111,275,248,11,30,75,46,144,175,,145,,17,100,28,197,,166,,,,,76,151,186,28,108,119,,25,,,,12,55,159,12,171,487,186,84,67,187,108,124,132,45,14,27,82,76,178,,,146,
200608,1164,,474,414,38,490,173,,402,263,101,56,136,286,419,,73,30,93,435,183,368,637,87,85,,,289,275,107,242,284,103,24,,311,377,143,153,,76,235,50,35,129,269,151,12,42,80,23,150,145,,135,,20,51,51,173,,194,12,,,,79,130,206,11,183,114,,42,,,,,60,145,89,154,316,175,51,72,154,107,103,147,60,13,31,87,81,189,,,194,
200609,1038,,337,377,12,539,191,11,444,162,71,54,115,283,332,,79,29,125,455,165,295,413,76,73,,,240,265,,262,224,98,23,,227,307,102,73,,108,225,30,26,114,234,143,,28,75,43,147,105,,151,,16,62,46,180,11,228,,,,,102,142,153,,173,129,,70,,,,14,77,118,70,175,358,157,57,56,139,145,116,151,28,22,14,113,91,178,,,159,
200610,1011,,293,441,13,509,168,11,430,182,91,57,97,291,294,,64,29,115,472,151,285,531,97,82,,,214,309,,284,193,98,37,,413,358,142,54,,87,247,46,36,146,214,105,,30,94,54,142,117,,157,,21,54,69,152,,197,,,,,94,127,181,,146,152,,77,,,,11,75,151,25,137,319,156,58,47,156,118,119,143,24,,,109,55,185,,,156,
200611,1135,,375,533,25,530,199,25,435,217,70,46,99,271,353,,99,16,102,420,155,263,605,92,80,,,279,245,22,301,189,110,24,,389,353,124,87,,70,272,32,37,146,256,125,,22,168,28,146,153,,235,,32,79,103,238,,211,,12,,,72,133,170,,158,162,,98,,,,11,91,186,51,138,390,173,45,38,132,169,116,135,37,,25,132,67,182,,,197,
200612,832,,339,489,,277,112,12,304,96,30,55,69,202,174,,56,15,59,295,76,157,297,39,57,,,139,174,,177,180,71,11,,326,286,88,25,,47,160,25,19,153,137,49,12,22,118,15,100,95,,150,,19,40,25,159,,65,,,,,59,103,125,,139,88,,,,,,,71,136,13,101,284,136,28,39,132,97,67,87,16,,,101,46,138,,13,116,
200701,1020,,319,425,11,588,151,17,345,182,66,64,93,261,209,,68,23,92,401,129,263,514,100,76,,,209,257,46,258,191,84,27,,299,318,125,69,,57,198,18,55,187,197,128,,24,97,29,145,121,,179,,17,73,41,222,,185,,,,,65,133,159,,167,134,,55,,,,11,87,150,41,150,372,160,64,46,162,57,120,132,25,17,11,107,65,140,,,170,
200702,1064,,362,485,,532,134,12,295,162,51,75,69,228,232,,57,24,36,372,112,260,472,76,62,,,180,249,,232,197,67,37,,310,234,110,52,,15,186,35,31,165,183,99,,17,150,21,97,108,,167,,18,37,52,236,,176,,20,,,53,127,121,,203,123,,49,,,,,75,142,12,135,330,147,48,44,146,101,82,123,21,12,,147,64,168,,,112,
200703,1168,,406,484,25,492,161,13,319,144,59,82,73,309,325,,88,14,89,425,101,283,491,107,82,,,283,256,11,235,219,109,24,,269,318,157,62,,81,233,32,53,216,252,135,,26,159,25,136,162,,170,,20,123,83,225,,166,,22,,,79,128,162,25,233,134,,106,,,,12,71,156,44,128,415,164,52,53,151,126,93,162,21,19,,93,62,171,,12,169,
200704,1079,,470,526,61,477,166,12,348,123,133,63,62,254,241,,76,24,116,383,111,283,544,98,78,,,248,247,23,273,206,87,25,,292,236,108,60,,93,178,25,37,203,213,133,29,31,157,28,125,118,,151,,14,20,28,252,,221,11,22,,,60,116,154,14,155,118,,53,,,,13,84,144,28,126,296,126,35,36,153,92,102,125,15,17,23,68,69,141,,,154,
200705,1012,111,506,500,12,468,182,23,361,156,162,73,91,279,251,,86,31,138,426,141,283,467,76,66,,,246,252,11,236,223,45,36,,219,317,109,49,,63,168,28,35,235,201,135,12,57,108,23,109,104,,135,11,19,42,31,232,,190,,22,,,78,120,191,15,152,106,,48,,,,,79,120,46,120,398,136,58,31,126,61,95,117,24,16,11,91,65,145,,41,159,
200706,1301,40,480,534,145,681,204,16,438,402,222,101,154,238,399,,110,50,147,404,218,280,534,97,96,,,281,273,28,245,293,129,67,,331,322,116,109,,56,214,36,37,264,279,245,52,85,202,24,117,205,,133,15,19,110,16,290,,158,12,27,,,68,195,172,27,186,131,,59,,,,11,88,158,51,168,492,176,60,96,172,67,107,111,26,12,38,67,63,159,,66,147,
200707,1353,61,563,526,71,805,212,50,383,508,212,91,190,272,460,,110,66,168,436,278,315,505,105,81,,,320,281,74,214,498,144,109,,327,355,151,123,,114,177,44,69,241,255,250,26,94,153,22,128,223,,149,13,28,165,40,305,,174,16,17,,,73,180,201,17,136,138,,43,,,,11,103,149,27,133,440,142,84,121,169,72,108,119,36,24,42,92,68,171,,72,165,
200708,1292,144,447,547,82,754,219,30,408,480,211,88,217,261,348,,71,67,178,414,245,295,493,111,62,,,284,260,34,295,654,167,76,,324,366,165,161,,83,192,33,68,292,224,159,,140,112,48,134,239,,112,17,13,86,40,401,,209,12,24,,,87,167,159,13,310,132,,43,,,,,81,165,46,153,358,149,74,154,143,85,114,127,48,34,32,67,89,182,,82,199,
200709,1178,71,447,390,82,748,267,15,353,418,179,73,190,269,299,,61,56,79,423,222,288,519,76,61,,,273,313,15,246,542,145,95,,165,272,173,78,,81,193,58,39,235,263,111,,103,76,31,164,213,,117,11,13,11,28,297,11,192,24,16,,,80,164,191,17,208,153,,121,,,,12,81,158,29,120,345,144,61,128,135,81,123,144,21,17,33,105,66,153,,61,178,
200710,1302,63,493,403,66,838,290,34,433,421,191,77,260,244,309,,60,69,251,459,229,286,535,110,82,,,296,337,,266,557,157,60,,236,318,245,67,,56,249,66,54,252,284,166,,139,58,73,157,237,,168,13,22,160,83,310,,211,,23,,,52,140,156,18,242,170,,110,,,,30,93,127,29,176,455,196,59,135,178,139,162,132,21,26,41,138,58,144,,71,169,
200711,1219,166,451,404,50,839,272,27,371,421,211,94,244,247,282,,49,56,193,475,238,309,575,111,110,,,252,310,26,263,447,110,69,,275,271,147,57,,81,209,71,58,227,244,141,11,142,149,43,154,201,,231,16,20,93,81,244,,181,13,17,,,79,133,179,,188,148,,95,,,,35,67,189,27,144,446,158,65,138,159,116,133,137,16,,25,117,59,124,,107,203,
200712,1001,84,383,371,57,488,230,29,289,372,235,79,204,185,222,,46,60,183,381,197,174,342,76,73,,,215,192,,185,382,118,50,14,223,378,107,35,,44,98,56,22,389,185,80,23,111,91,18,108,154,,166,24,14,12,54,222,,100,12,13,,,52,134,102,15,215,110,,13,,,,27,64,158,12,99,359,162,23,115,104,117,94,75,18,12,60,114,56,118,,132,139,
200801,1282,120,423,452,60,817,320,60,364,449,264,110,212,225,296,,94,66,282,474,247,312,559,120,96,,,354,371,13,276,380,130,95,25,259,311,204,105,,82,184,52,34,494,305,128,31,128,144,37,184,195,,207,14,17,133,130,240,11,148,,16,,,69,118,214,11,252,166,,159,,,,33,83,145,32,173,404,212,68,86,207,120,139,120,21,36,14,134,105,153,,148,186,
200802,1158,113,431,400,48,674,268,30,338,402,243,111,232,214,286,,78,54,148,414,176,260,425,63,71,,,286,381,,184,280,134,70,14,184,287,241,48,,49,161,84,30,607,230,144,28,110,76,33,238,188,,123,34,17,69,26,271,,237,,20,,,49,119,192,,196,133,,74,,,,27,115,147,,126,329,139,41,77,134,64,109,118,20,24,17,134,145,124,,127,140,
200803,1171,144,312,268,51,543,256,48,283,332,198,140,243,225,212,,88,23,73,359,173,249,450,81,78,,,352,258,11,173,243,93,89,24,101,252,216,35,,48,146,41,49,533,255,85,28,55,110,18,226,157,,93,30,,29,87,260,,202,,12,,,54,120,156,,213,100,,67,,,,28,154,138,13,119,322,135,19,57,105,104,113,190,19,,15,96,115,126,,119,115,
200804,1180,171,377,426,86,706,331,88,313,423,279,210,253,439,255,,129,65,226,388,197,293,376,77,73,,,277,387,28,218,283,106,100,29,206,308,223,34,,108,215,89,46,606,236,182,15,78,204,29,420,186,,84,34,14,67,60,310,,240,14,15,,,61,132,192,13,210,104,,59,,,,28,179,141,34,151,336,139,79,48,135,52,101,236,27,25,12,119,168,155,16,158,114,
200805,1117,299,417,642,154,808,344,90,354,393,313,239,367,409,195,,77,80,195,353,203,255,422,64,75,,,333,364,11,228,284,121,65,23,204,310,210,34,,50,271,67,43,628,227,172,46,68,252,40,334,171,,99,41,15,94,57,255,,237,27,17,,,62,133,157,15,204,79,,25,,,,51,183,154,11,153,367,120,66,57,149,114,91,169,27,12,25,69,150,129,,153,131,
200806,1202,401,732,710,146,955,350,103,395,457,412,276,443,425,339,47,109,142,303,383,302,291,381,141,64,,,329,382,73,246,350,167,82,,339,388,244,207,,146,214,53,39,612,246,231,52,184,350,26,346,237,,146,46,27,216,36,247,,210,37,22,,,79,142,167,54,153,137,,48,,,,37,191,150,12,151,395,150,90,40,166,83,103,188,52,83,59,79,151,166,14,163,129,
200807,1241,454,761,843,257,958,391,108,499,537,436,322,457,486,376,35,155,146,383,409,330,280,477,144,88,,,353,437,65,256,375,186,117,30,355,391,281,163,,162,297,64,39,625,290,155,49,189,430,43,396,243,,117,52,17,167,95,457,12,254,65,39,,,75,158,199,23,228,113,,107,,,,39,204,162,39,177,340,157,74,30,150,139,121,211,46,59,44,68,204,184,15,167,161,
200808,1092,359,600,670,207,719,445,91,403,500,481,305,443,434,286,33,98,151,268,380,199,302,491,95,132,,,417,377,35,209,309,181,76,12,279,376,203,225,,83,310,56,12,736,273,155,111,199,351,24,356,195,,117,51,11,61,41,434,13,208,32,28,,,54,116,229,,302,133,,98,,,,46,198,143,55,142,273,186,76,55,153,71,89,234,29,49,30,60,147,179,16,127,88,
200809,1183,421,519,533,100,856,459,106,422,566,422,250,404,444,219,47,183,157,237,421,253,362,422,115,121,,,346,354,,261,237,138,110,,121,326,213,124,,139,317,68,36,539,301,159,101,157,267,27,382,178,,100,37,64,79,89,391,11,294,49,22,,,70,179,233,24,306,111,,139,,,,37,185,136,41,172,288,142,91,45,167,78,98,194,19,30,12,97,164,140,15,113,118,
200810,1106,228,492,477,49,903,421,91,424,576,387,244,344,457,246,36,143,135,222,437,247,272,488,166,90,,,399,450,33,278,231,154,130,24,207,335,240,185,61,72,310,116,15,578,306,176,133,170,280,63,336,239,,228,48,25,104,94,313,,295,29,23,,,65,187,177,,242,179,,173,,,,44,188,129,53,173,336,140,91,118,138,67,133,173,22,15,45,92,145,127,15,107,167,
200811,1237,304,592,526,169,1001,375,100,409,526,468,275,380,402,231,30,208,136,224,358,264,311,540,172,154,,,340,378,32,327,276,158,107,15,246,284,231,164,164,139,244,102,24,503,301,148,105,205,266,33,361,230,,250,56,38,125,113,268,,246,40,25,,,36,169,205,11,206,100,,131,,,,58,162,178,37,157,370,151,86,177,185,154,111,154,32,38,66,131,134,137,14,152,175,
200812,913,221,441,389,163,520,291,113,266,494,352,189,276,228,164,29,140,112,104,301,204,181,297,163,106,,,275,261,26,241,375,97,86,,185,230,136,76,24,77,188,78,,503,200,150,23,127,221,12,239,107,,190,42,35,12,106,203,,113,25,23,,,15,153,139,,252,83,,30,,,,33,135,140,26,117,244,140,55,187,121,115,64,163,27,11,67,104,105,95,,139,42,
200901,1235,279,549,553,240,1006,494,109,371,585,515,255,413,460,191,26,207,152,196,398,301,310,467,182,130,,,419,446,32,274,408,194,95,27,192,289,249,111,33,120,336,119,11,530,324,206,88,224,277,25,350,214,,224,67,36,170,125,292,,227,58,28,,,83,189,205,12,288,183,12,211,,,,56,189,136,66,158,288,181,82,165,161,93,118,204,21,34,125,149,149,175,12,153,133,
200902,1066,299,418,445,107,868,444,117,285,503,495,236,420,358,132,24,156,164,145,381,283,292,375,168,129,,,305,323,27,188,358,118,105,28,173,203,211,73,34,80,278,112,,501,292,192,111,212,268,17,294,203,,157,116,31,104,121,278,13,204,13,26,,,39,139,144,14,230,142,14,106,,,,26,150,139,12,166,302,132,63,149,164,83,104,178,24,29,82,100,130,106,,155,105,
200903,1368,266,531,562,166,1063,500,130,356,677,564,274,471,448,200,31,204,170,164,408,319,348,446,159,131,,,447,431,27,281,376,161,119,25,232,272,250,184,96,168,293,80,,661,339,261,133,289,286,37,346,247,,179,128,46,159,112,364,13,222,55,28,,,57,176,214,50,215,213,17,161,,,,47,179,158,31,142,452,149,79,145,195,112,111,189,27,55,93,123,198,144,36,156,123,
200904,992,243,533,600,151,820,471,133,353,526,537,272,465,397,159,31,176,166,200,392,265,303,340,130,101,,14,389,399,11,242,298,139,66,,266,402,214,66,11,82,259,91,26,778,275,151,93,310,251,25,299,181,,142,125,34,67,101,251,,218,52,26,,,59,156,182,58,240,193,14,108,,,,54,179,141,66,153,241,145,70,130,158,86,124,146,24,44,79,94,140,115,38,177,81,
200905,1007,444,670,999,113,853,398,111,337,534,493,305,510,386,264,30,146,230,217,363,236,277,304,153,118,,21,295,371,35,209,367,146,88,11,178,409,172,78,,56,215,77,,605,286,200,148,267,204,18,244,217,,137,126,33,37,52,295,,185,45,19,,,71,159,150,60,191,140,22,62,,,,64,164,125,40,127,197,133,60,98,153,73,109,137,16,17,74,104,145,119,35,180,38,
200906,1183,474,835,1106,198,974,538,123,492,715,581,383,553,369,300,29,217,296,324,409,362,306,360,229,114,,24,280,385,13,237,431,178,126,25,295,448,239,203,116,186,213,86,26,672,399,357,135,310,318,19,313,250,,137,109,34,190,67,305,12,205,76,41,,,39,263,169,111,172,123,13,79,14,,,71,172,134,41,154,359,162,122,264,185,84,109,177,25,79,133,65,137,131,19,214,103,
200907,1249,629,841,1119,194,1024,580,160,445,803,656,348,647,392,408,36,201,290,328,423,294,278,393,200,128,,21,367,409,27,236,441,168,143,17,272,425,195,168,13,163,255,107,,744,396,250,186,303,321,25,266,343,,135,116,36,121,74,435,22,212,54,24,,,54,248,199,98,255,170,20,104,22,,13,51,181,146,24,149,290,134,108,296,184,91,115,179,26,30,117,90,160,143,36,210,96,12
200908,1141,591,779,1116,229,926,524,160,452,798,706,344,587,379,303,35,183,280,333,478,350,332,423,193,125,,26,374,395,16,268,410,206,99,31,274,400,223,164,46,148,219,113,59,848,421,239,226,304,319,43,287,302,,168,117,39,80,138,422,22,212,54,28,,,41,213,175,90,354,143,13,48,13,,12,58,164,122,44,130,294,169,118,225,185,67,108,154,20,47,122,62,116,151,35,196,96,
200909,798,270,451,725,71,512,403,37,336,558,393,243,387,213,160,14,142,185,207,329,198,225,257,157,78,,27,220,330,,162,242,111,68,,121,206,138,83,,130,176,121,38,586,212,151,147,175,96,42,268,206,,109,78,28,84,73,291,28,215,14,20,,,43,160,113,,213,81,,87,,,,62,149,95,11,88,254,104,62,172,97,,105,111,17,11,104,48,93,79,14,146,64,
200910,1153,579,710,905,156,992,582,155,413,777,552,287,567,411,301,17,186,255,279,463,335,341,454,250,160,,39,344,417,14,312,310,183,76,30,132,420,271,111,60,154,203,145,41,532,372,259,222,287,200,93,332,274,,163,145,33,163,141,311,59,290,56,15,,,72,241,210,11,277,151,38,223,15,,,67,193,122,39,146,358,144,82,310,173,105,207,181,22,74,173,112,164,136,34,178,100,
200911,1334,461,761,828,232,988,604,193,428,768,479,309,445,295,285,20,207,225,273,450,257,282,422,199,147,,31,305,352,,332,291,135,94,15,198,332,288,85,,164,212,136,51,483,400,278,211,234,232,48,260,242,,241,160,50,45,160,249,72,199,71,19,13,,61,252,214,29,196,113,11,117,,,,70,177,146,40,141,226,154,107,308,187,161,174,194,18,11,208,102,118,146,40,172,69,
200912,1026,361,556,828,165,648,575,174,296,688,531,257,460,206,240,20,189,236,216,258,196,252,240,237,130,,39,230,325,23,304,298,109,91,29,157,275,251,51,,123,114,111,59,438,316,147,204,257,204,34,211,204,,213,160,33,57,163,257,40,104,46,20,18,,33,220,149,23,270,75,46,66,14,,,40,150,129,37,119,219,190,93,294,134,81,122,130,15,49,206,85,133,138,37,187,28,
201001,1330,567,1362,889,197,951,747,178,428,779,603,315,499,388,587,18,257,312,257,432,282,329,379,213,171,,34,321,398,232,293,288,181,97,34,83,341,283,53,11,146,196,158,90,487,454,222,201,215,215,82,303,303,,214,164,58,78,170,213,49,172,70,22,,,59,272,173,12,322,138,46,163,,,,67,192,100,41,139,271,210,71,272,165,81,138,195,17,68,198,107,128,148,20,198,62,
201002,1233,572,1369,712,213,643,600,176,446,666,467,290,455,253,615,14,238,284,190,304,255,248,262,199,147,,32,253,374,383,234,250,154,54,27,67,331,218,66,,117,142,135,80,398,384,172,170,208,193,37,202,213,,184,143,37,49,133,127,,107,44,13,,,39,192,137,29,216,92,42,136,12,,,56,149,104,51,121,215,167,78,240,129,77,117,127,11,51,181,103,75,119,33,124,25,
201003,1356,729,1507,845,219,918,849,208,468,796,603,353,532,349,668,83,237,317,244,351,338,382,250,214,166,,54,342,417,306,317,296,184,135,45,131,341,261,67,,189,201,163,55,429,445,278,206,238,253,65,243,306,,157,146,45,78,153,179,105,160,82,20,11,,28,249,170,33,275,149,43,149,13,,,83,178,124,99,140,279,196,103,259,205,109,138,160,15,98,242,69,170,134,40,156,37,11
201004,1162,688,1297,811,211,824,684,148,374,708,535,302,478,332,582,117,212,331,179,330,273,316,221,234,164,19,53,225,363,283,309,258,176,116,37,171,357,241,66,,140,194,164,60,462,359,232,133,204,153,41,259,235,,111,201,23,39,144,181,56,155,55,19,,,55,249,183,36,190,71,19,65,13,,,68,150,108,47,130,263,187,89,198,171,95,148,144,11,42,180,91,116,111,40,194,43,
201005,1165,674,1413,772,186,823,745,220,414,674,550,326,490,377,519,113,283,425,191,276,300,293,190,224,118,13,52,224,397,295,268,235,159,91,24,171,370,245,141,11,134,173,149,70,317,363,206,163,190,242,74,230,266,,80,234,39,70,95,187,80,161,42,32,,,55,233,91,25,205,102,20,110,13,,,71,156,119,37,108,258,170,57,164,158,54,141,136,17,77,187,64,150,96,29,168,58,12
201006,1421,904,1713,791,314,1179,971,218,495,882,743,364,509,310,835,173,291,540,295,383,315,330,287,270,181,17,59,233,370,441,308,300,207,82,15,230,389,279,234,28,186,170,170,68,335,397,332,231,238,222,84,259,309,,109,232,28,90,126,247,70,127,103,22,,,28,329,162,84,171,119,23,96,,,11,54,131,94,72,105,301,183,73,128,174,100,119,169,20,121,218,71,115,117,55,193,74,17
201007,1375,1026,1642,850,374,1317,922,277,514,941,719,376,601,310,807,149,261,497,342,335,264,309,254,253,161,14,56,248,378,417,262,312,200,114,47,244,471,272,268,,184,164,180,15,367,491,267,183,215,256,80,224,277,,86,247,58,150,150,338,73,62,88,22,,,,322,130,103,208,75,34,73,,,11,46,148,100,34,121,280,189,116,134,186,24,98,152,14,135,243,61,135,123,47,140,20,13
201008,1272,948,1427,786,332,1170,857,179,416,863,727,326,529,337,675,162,313,456,278,326,255,342,309,259,187,20,43,236,373,319,255,301,212,105,26,170,428,195,209,,152,191,168,12,358,441,216,222,175,303,81,196,266,,122,221,45,66,97,363,86,156,31,18,,,17,295,110,89,289,136,18,48,,,,49,84,114,37,125,214,146,56,135,177,40,89,147,17,70,323,33,117,104,57,167,59,13
201009,1032,720,1116,413,185,915,673,140,318,715,386,238,399,280,541,97,217,354,190,203,200,271,223,203,125,,31,192,321,104,241,251,109,61,37,61,312,168,156,,109,134,142,11,72,366,78,219,114,357,74,219,198,,68,156,52,58,80,284,41,203,57,17,,,14,255,90,,166,135,20,108,,,,58,124,123,22,83,194,157,69,93,152,94,73,81,12,39,314,74,131,71,50,116,31,
201010,1222,828,1289,698,293,1177,960,264,457,788,451,284,491,372,521,126,334,392,201,372,320,322,346,213,207,14,48,286,399,267,259,245,169,86,13,127,359,223,171,36,168,230,208,91,203,449,229,243,150,425,104,248,276,,183,202,74,111,144,339,139,224,102,,,,,281,172,12,204,132,59,177,,,12,51,164,118,55,108,268,225,97,210,184,66,109,135,11,69,455,70,103,106,29,99,43,11
201011,1299,766,1352,652,234,1138,907,296,351,744,410,252,448,298,568,109,292,439,218,317,295,295,282,190,194,16,44,234,376,111,274,294,160,56,65,141,298,236,97,58,107,191,126,107,163,411,165,210,157,443,54,209,276,13,202,191,47,50,104,286,131,123,64,16,12,,,258,119,13,166,108,50,79,,,,100,142,159,37,119,302,222,93,271,182,107,97,124,52,83,418,69,90,103,35,144,59,
201012,1074,734,1110,1140,293,900,817,279,308,700,473,257,531,257,505,121,308,473,192,320,226,181,352,219,209,35,59,184,332,151,212,396,102,82,45,163,317,175,123,,109,129,170,85,99,341,125,211,153,358,75,130,210,22,178,261,53,35,122,260,106,112,76,14,15,,,249,89,15,173,117,62,77,,,13,85,98,132,45,82,221,224,61,250,164,108,50,112,40,27,439,89,82,76,18,146,12,
201101,1211,766,1260,1071,263,1224,920,321,352,794,439,260,589,360,486,109,336,478,200,267,291,311,359,214,205,25,45,292,365,116,251,354,153,82,59,116,276,250,196,,107,215,196,99,62,435,225,242,171,405,81,194,262,27,197,217,44,68,127,216,141,92,83,24,11,,23,281,159,11,178,111,94,160,,,13,78,153,125,33,133,230,200,72,216,186,62,91,151,34,53,459,85,92,96,44,190,146,12
201102,1276,1270,1259,933,568,996,820,254,395,711,290,214,554,262,472,141,289,407,188,311,271,325,302,164,197,20,53,257,356,117,253,296,167,123,58,36,212,249,165,,118,219,155,87,86,341,283,196,164,375,55,199,230,46,149,224,53,39,121,182,165,107,54,13,,,35,305,98,22,175,128,63,127,,,,46,178,111,41,96,237,196,92,198,185,72,83,133,25,87,426,98,121,115,22,158,218,15
201103,1213,1374,1168,908,613,1120,903,274,379,695,338,223,587,303,415,200,289,383,227,300,273,296,355,198,223,35,57,274,305,71,292,274,160,123,75,64,281,225,177,,95,143,172,98,102,386,287,232,158,323,41,142,240,39,116,253,41,24,131,121,183,148,36,16,,,12,294,142,11,199,130,49,142,,,12,48,124,116,46,122,265,187,54,189,178,90,101,137,23,57,422,72,106,85,34,122,165,
201104,1181,1578,1200,1025,751,1074,928,310,485,731,547,302,585,297,519,223,284,385,245,263,322,309,296,192,200,39,85,250,335,117,281,316,154,131,68,152,414,174,168,,130,198,224,86,145,420,237,240,152,381,94,234,226,56,109,217,51,83,134,109,159,149,42,22,,,22,312,58,23,179,126,43,130,,,,39,132,63,69,141,250,202,92,251,173,68,92,85,22,88,457,67,98,96,75,191,199,27
201105,1174,1630,1169,999,616,1081,959,320,388,728,481,285,512,280,431,277,285,382,300,283,311,260,327,226,191,32,65,195,276,168,306,320,152,140,84,84,369,171,136,,201,144,231,73,221,411,145,233,130,377,95,268,217,31,108,238,47,11,112,130,154,135,97,21,,,11,293,87,23,174,53,55,97,,,14,41,123,110,29,144,203,177,49,267,137,53,61,72,43,70,503,67,97,75,77,195,202,29
201106,1339,1874,1638,1031,742,1547,1134,371,572,824,672,435,697,341,676,310,360,571,426,325,365,364,418,333,232,47,106,228,361,271,330,366,262,138,118,191,418,256,331,11,330,199,250,107,175,488,389,357,205,512,115,286,297,100,131,252,65,82,91,195,169,152,117,19,14,,48,361,155,138,204,105,47,142,,,11,50,229,134,23,129,282,218,82,288,212,63,98,130,44,124,460,52,118,109,61,261,224,40
201107,1149,1953,1569,1037,784,1341,1027,378,541,805,632,345,623,304,689,383,327,508,347,327,393,335,359,266,222,51,104,274,379,141,319,394,235,143,105,129,399,221,304,,148,148,240,110,245,472,370,286,175,484,82,295,247,150,121,245,86,158,125,317,196,141,115,32,,,51,306,100,46,256,112,60,114,,,13,58,161,132,30,126,323,193,103,290,184,51,88,113,156,110,505,58,94,104,43,283,254,37
201108,1273,1819,1372,1049,676,1061,1061,384,472,755,613,303,598,246,553,436,318,490,382,244,244,268,281,235,208,96,114,237,355,63,270,374,215,134,99,70,408,262,270,12,209,156,191,129,179,348,141,275,157,460,61,299,262,114,84,270,60,24,96,362,169,103,119,,,,73,282,75,22,295,37,51,101,,,22,32,143,92,13,117,246,182,94,284,174,24,134,105,187,71,484,17,107,96,71,307,192,51
201109,1058,1088,1039,665,372,923,971,228,340,635,246,209,370,247,346,287,331,360,167,239,230,259,236,156,153,75,85,224,232,24,193,253,148,115,101,76,148,159,107,24,190,136,189,121,47,352,121,213,81,267,33,279,172,84,55,151,59,35,97,207,155,133,70,32,,,62,293,91,12,191,62,72,143,,,12,61,109,53,41,73,153,151,135,163,93,57,102,106,106,49,363,13,81,89,46,161,91,22
201110,1264,1397,1082,692,494,1165,1047,342,442,748,358,363,476,284,349,318,395,536,319,281,294,253,284,238,185,86,117,213,353,67,316,261,245,159,129,38,128,235,167,77,134,134,241,143,81,409,205,247,116,356,101,330,191,128,103,207,90,91,126,251,142,190,84,26,,,64,306,109,12,194,118,100,169,,,37,76,159,108,59,100,183,170,133,192,137,85,184,118,145,54,470,85,103,125,111,205,152,74
201111,1230,1193,985,1223,580,1157,1046,347,402,652,389,329,425,254,307,250,384,517,272,318,264,250,282,184,183,86,125,230,248,37,334,234,154,144,129,81,111,260,92,187,154,104,245,157,84,476,80,226,115,277,110,283,157,97,155,193,97,28,120,153,171,118,66,,14,,66,278,77,93,153,52,100,76,,,38,104,128,111,62,116,298,165,128,158,147,81,134,99,286,46,403,68,85,101,106,156,113,24
201112,1187,1201,876,1208,582,841,992,215,289,632,378,328,452,205,280,264,316,531,187,206,182,161,167,208,129,82,125,185,173,33,245,236,198,134,114,54,127,126,78,,98,51,166,128,36,393,56,201,97,163,68,229,145,120,229,238,80,35,126,303,137,40,54,15,12,,44,263,25,130,137,44,121,95,,,41,81,84,70,43,92,63,157,102,251,120,118,118,62,327,12,473,66,82,80,91,146,159,42
201201,1586,1136,840,914,296,960,1029,252,263,641,189,269,522,246,193,180,276,448,176,272,212,229,232,202,156,51,119,137,242,19,252,206,200,118,97,33,134,222,106,,71,79,173,127,23,491,105,162,87,239,51,266,180,77,120,197,56,22,93,294,153,65,80,32,11,,63,259,52,11,103,57,99,142,,,28,62,119,90,35,61,208,138,110,223,140,29,99,99,323,55,415,75,108,109,103,154,96,15
201202,1847,1070,918,1099,471,940,1065,283,312,632,262,347,418,218,223,283,321,419,193,216,212,256,209,191,130,76,143,142,245,45,211,227,257,176,98,24,107,221,119,28,104,77,186,130,39,370,73,190,38,90,87,236,169,85,93,222,74,107,99,266,157,84,87,25,15,12,58,279,46,57,160,25,101,129,,,41,78,138,80,15,61,201,132,106,257,117,48,144,104,290,71,518,94,131,112,94,125,71,13
201203,2426,1294,1156,1033,531,879,1510,464,363,861,496,440,426,235,241,311,662,417,225,221,291,290,181,234,167,74,194,200,193,64,246,220,216,230,103,21,147,225,108,92,183,74,196,171,68,442,82,243,81,205,79,256,201,58,95,239,101,71,90,280,206,113,138,11,27,21,58,397,81,79,183,65,130,159,,,43,55,150,83,98,122,198,154,274,231,155,74,128,133,373,92,624,69,92,98,98,192,80,67
201204,1917,1250,942,1123,599,1007,1597,517,324,862,436,375,451,294,197,324,652,441,210,185,221,239,223,217,167,90,203,266,219,66,296,250,193,327,139,25,184,157,149,309,166,60,182,142,66,371,140,221,83,139,120,240,153,165,78,224,99,56,140,224,194,105,155,14,18,,58,359,44,34,174,40,112,92,,,46,59,133,83,78,53,157,136,250,250,136,28,154,69,372,123,752,32,87,112,97,160,78,53
201205,1901,1409,973,1189,566,896,1737,625,327,830,403,405,523,297,235,382,687,501,206,232,239,262,106,208,176,114,233,193,268,76,272,213,237,253,137,31,215,128,201,218,156,35,213,166,42,360,94,213,54,189,126,227,171,168,38,211,93,48,81,237,158,110,154,28,22,19,62,370,77,94,183,43,80,63,,,28,61,148,97,61,52,94,149,222,199,133,32,255,111,351,128,834,26,66,107,114,192,136,52
201206,2288,1622,1213,1281,812,1354,1841,667,389,922,553,463,614,294,364,443,742,595,327,362,357,285,213,291,170,143,277,245,282,122,330,281,282,306,188,164,239,241,262,343,271,124,266,147,70,449,283,264,73,336,183,281,215,210,69,205,126,146,114,267,200,96,180,45,16,20,60,431,58,245,184,77,119,132,,,51,56,170,81,52,100,155,166,318,194,160,38,229,119,383,158,853,26,92,107,165,225,146,75
201207,2216,1872,1420,1402,860,1394,1826,745,418,962,650,497,678,339,345,488,785,644,394,316,332,356,216,341,175,176,277,310,291,195,332,350,277,346,209,164,288,246,419,399,251,124,296,159,94,447,283,306,101,397,147,262,223,234,65,239,141,223,149,289,285,94,178,68,24,26,63,419,86,326,181,76,121,105,,,54,83,196,101,73,82,221,161,292,198,166,46,200,118,416,192,962,39,104,100,143,197,202,75
201208,1776,1525,1021,1146,680,855,1417,554,304,790,471,416,471,290,314,439,605,508,278,183,185,228,112,288,159,149,278,185,150,81,256,264,244,227,158,31,187,95,195,138,233,92,139,129,82,305,198,233,47,331,83,145,169,189,27,214,106,66,64,235,170,62,151,41,19,12,45,298,88,106,171,51,102,46,,,75,91,110,83,38,38,42,134,214,185,109,27,161,47,328,120,725,38,39,94,106,148,107,42
201209,1647,1253,899,850,485,986,1509,514,305,684,309,406,375,304,142,341,639,496,212,267,225,283,188,215,161,137,263,186,225,49,241,205,273,231,166,,191,121,157,150,171,118,153,138,25,325,105,224,34,195,131,231,141,189,36,184,130,53,83,157,186,123,154,44,21,13,43,285,92,12,167,56,152,119,19,,96,98,88,102,60,86,64,161,204,148,106,28,178,85,230,91,627,55,82,95,121,92,73,33
201210,2114,1522,1144,1031,768,1286,1914,602,447,1007,298,385,469,366,214,419,707,744,254,373,371,368,284,265,263,242,276,229,325,467,363,399,366,327,232,35,185,296,173,377,215,206,293,162,71,418,234,284,81,249,217,285,241,186,168,221,125,194,218,161,242,207,172,47,17,19,63,404,66,81,265,103,203,140,19,,137,166,160,111,132,126,158,202,279,139,160,67,245,117,299,139,713,79,115,142,136,166,49,108
201211,1909,1642,1144,987,703,1221,1888,673,329,922,412,791,455,276,171,326,696,708,283,259,320,269,201,254,260,207,260,218,278,638,324,416,258,277,200,79,185,272,222,245,212,137,198,164,99,371,174,265,68,228,164,285,152,199,249,264,156,104,220,135,227,120,202,68,35,18,105,362,131,82,192,87,220,133,20,,140,168,130,125,147,86,198,200,242,110,146,110,223,117,375,132,592,103,90,115,144,100,125,64
201212,1504,1541,873,1115,630,959,1584,604,269,744,221,871,529,233,49,395,585,610,194,200,249,226,166,233,199,201,282,180,196,533,230,421,210,195,137,75,172,174,80,185,140,83,147,130,68,265,44,220,50,89,146,167,124,106,219,257,125,37,154,275,176,47,151,44,31,12,40,267,38,144,153,26,202,81,11,,146,194,96,87,118,78,72,179,182,249,95,103,155,71,384,91,467,97,59,73,113,202,80,69
201301,1847,1847,1139,1724,1138,1319,1878,797,383,926,397,848,641,359,241,498,754,705,291,287,390,312,215,277,260,260,314,237,241,603,342,555,335,377,220,55,241,290,194,514,214,167,268,188,48,394,162,255,107,104,153,248,174,237,202,297,187,108,304,379,260,136,194,63,85,69,99,395,125,23,189,89,231,217,72,,145,193,129,132,129,75,124,190,300,268,160,40,245,126,436,188,439,113,95,99,144,184,147,78
201302,1943,1547,1041,1550,1121,1068,1673,635,363,814,374,801,561,293,180,373,616,555,222,258,257,286,142,248,299,241,274,240,253,537,255,561,375,274,245,108,189,107,150,406,197,145,189,120,54,309,145,244,135,95,83,267,194,120,131,242,134,109,190,264,214,106,150,43,89,52,74,327,99,89,202,64,198,153,19,,141,129,69,95,114,95,49,157,258,247,115,40,176,121,411,129,284,68,98,79,127,132,97,71
201303,2123,1952,1156,1654,1253,1151,1785,792,477,851,338,889,561,317,159,418,713,561,321,204,300,373,156,267,287,254,356,241,243,644,259,584,351,374,225,41,182,191,258,516,235,129,227,140,88,388,83,228,135,194,149,267,203,204,137,252,162,133,167,338,260,136,181,71,97,61,71,393,103,50,190,63,215,136,48,,140,164,142,116,143,79,100,160,289,233,141,82,244,78,321,171,336,71,79,82,105,160,104,116
201304,1820,1795,1120,1607,1175,986,1744,798,451,836,438,891,507,340,369,540,669,524,425,265,307,319,170,290,296,220,326,181,233,495,230,537,313,249,270,111,129,206,195,433,285,91,217,158,70,327,127,255,64,149,142,205,144,183,115,257,173,66,154,203,216,114,239,73,81,69,71,342,134,59,176,53,184,164,34,,132,130,98,106,102,41,51,175,241,193,95,29,227,90,374,204,350,15,78,84,131,170,146,174
201305,1664,1750,1126,1506,1346,947,1745,687,424,827,453,837,530,338,376,491,641,535,375,211,238,291,143,329,228,299,310,187,215,468,181,492,255,213,248,80,126,92,152,444,256,70,210,141,84,330,90,194,102,170,126,220,138,233,87,252,178,127,184,150,165,63,230,109,75,56,49,312,99,,188,36,169,88,83,,138,153,107,97,93,65,64,159,220,158,91,11,194,61,374,217,280,12,70,51,139,250,88,143
201306,2054,2256,1436,1716,1555,1300,1989,882,533,918,613,1251,558,392,571,533,811,665,495,300,407,336,173,383,254,354,405,182,284,774,259,454,326,345,314,149,107,246,331,818,371,125,230,104,115,350,213,273,217,218,207,214,234,376,107,258,270,281,153,157,256,87,286,97,102,106,82,371,82,134,155,27,162,103,32,,177,165,141,100,110,40,126,152,313,141,106,56,246,84,416,339,361,61,97,81,136,288,81,176
201307,1984,2840,1418,1683,1505,1254,2085,834,542,957,618,1209,618,379,463,570,859,668,470,310,412,312,169,369,252,368,408,227,246,761,297,486,368,445,295,143,159,204,298,567,350,105,232,269,85,363,184,280,364,237,218,240,231,405,92,255,201,265,158,243,251,87,290,113,136,124,102,367,107,37,175,48,198,75,31,,189,130,104,85,104,83,115,155,291,142,98,40,229,101,468,327,364,22,92,75,132,249,107,168
201308,1736,3127,1233,1655,1528,1080,1946,746,483,851,644,1134,578,366,463,660,802,700,460,344,333,387,129,358,300,350,498,270,250,681,289,481,307,432,265,124,180,234,285,651,324,198,219,217,80,259,154,244,392,250,185,205,211,331,77,258,222,133,144,246,260,109,274,125,138,207,103,326,138,57,180,84,191,68,54,,187,197,102,78,86,116,30,174,246,108,84,23,222,108,407,247,359,63,126,109,126,252,93,152
201309,1737,2563,1157,1344,1206,1010,1954,893,438,891,432,928,520,456,346,529,773,582,401,261,323,350,144,319,311,259,519,207,311,513,273,409,367,323,262,91,93,205,256,583,276,181,232,258,43,306,129,267,328,68,149,233,210,297,104,250,197,102,161,145,225,174,247,106,134,206,120,320,144,25,163,95,312,67,79,,172,188,98,112,109,130,55,162,260,61,111,41,155,115,345,127,326,53,108,91,172,186,74,160
201310,1713,2442,1010,1326,1185,1060,2177,975,448,858,284,938,512,404,365,508,882,585,417,284,343,366,156,345,313,251,477,162,294,471,278,330,365,365,271,104,96,203,221,664,289,158,202,214,42,312,194,223,384,52,160,205,221,278,83,264,186,177,156,184,292,195,240,131,138,192,65,347,128,38,239,64,313,159,79,,168,209,111,108,128,137,15,179,311,61,146,90,185,97,235,172,307,72,142,87,177,155,98,157
201311,1800,2590,1137,1300,1202,909,2126,935,443,804,362,941,426,375,387,508,887,688,388,257,349,317,187,357,327,295,533,220,289,496,264,287,364,385,286,133,151,268,202,694,299,130,208,225,29,308,171,249,365,51,141,179,187,308,169,317,193,111,168,214,322,150,270,127,150,204,113,328,95,57,213,45,285,114,77,26,154,182,83,120,126,101,92,195,277,71,137,109,210,89,296,228,333,83,101,84,187,170,43,160
201312,1202,2099,795,1137,967,656,1727,761,324,615,198,830,428,291,172,422,685,608,304,177,215,203,52,314,301,178,456,120,195,276,214,214,204,254,234,96,177,138,112,461,219,139,137,198,30,223,86,82,344,48,112,80,130,259,181,284,160,52,133,230,243,78,213,117,112,145,37,232,100,12,211,64,233,88,74,42,136,181,37,122,130,50,11,180,220,186,62,118,135,42,246,164,322,46,31,53,139,140,41,111
201401,1655,2343,1112,1212,1171,915,2155,973,346,781,336,895,428,449,287,416,788,700,301,205,298,317,145,370,308,274,516,274,201,291,293,251,346,397,306,74,170,172,297,741,273,177,233,261,62,338,172,181,405,28,173,197,188,320,144,319,211,126,194,272,337,139,282,147,127,243,46,284,122,40,208,85,276,169,173,33,135,185,81,123,96,79,73,173,260,291,125,74,217,134,258,143,348,81,105,88,178,183,49,138
201402,1754,1997,959,937,1093,797,1815,802,302,673,225,710,315,399,284,433,744,529,265,211,261,290,64,311,226,207,418,185,132,250,232,237,294,319,260,86,136,164,227,369,230,150,154,231,33,255,130,165,284,27,136,141,139,282,85,273,173,60,167,296,280,65,223,120,123,237,68,256,129,46,217,40,214,105,95,32,135,163,87,87,96,58,47,150,261,255,99,63,150,92,238,129,282,49,96,79,157,170,34,135
201403,2165,2849,1742,1107,1433,979,2109,910,442,837,459,865,471,516,351,553,844,621,361,300,360,363,156,381,385,242,547,242,252,249,233,280,363,435,285,138,208,205,233,670,263,174,290,275,31,311,251,256,282,26,170,162,176,426,173,297,210,85,199,304,325,138,230,140,145,285,145,303,124,99,269,60,171,123,163,88,127,173,117,101,176,98,,179,320,289,141,112,192,111,345,264,289,55,161,70,184,171,25,140
201404,1418,2397,1547,991,1316,815,1910,829,370,642,357,767,390,434,213,542,727,557,339,208,245,266,40,303,236,249,468,229,233,247,177,257,288,353,237,142,117,148,207,366,203,140,247,193,44,293,168,181,243,,264,132,142,319,118,286,171,41,107,179,271,100,244,136,156,271,43,251,103,63,241,23,171,101,170,74,118,159,73,84,204,34,12,159,235,187,77,70,181,70,245,96,193,41,115,52,194,210,24,121
201405,1363,2188,1621,998,1312,788,1945,880,401,651,382,940,420,447,174,593,849,500,303,244,297,271,119,331,348,301,459,207,205,245,185,234,294,373,255,149,134,174,186,285,202,142,196,209,32,268,85,160,216,24,293,97,104,309,98,278,177,88,142,182,292,119,206,90,144,253,50,243,89,25,224,87,173,103,126,70,129,170,59,93,141,76,16,156,206,147,92,63,174,94,261,177,189,34,85,93,187,187,13,141
201406,1463,2859,1877,1074,1477,884,2077,963,443,832,538,931,475,517,363,730,916,593,429,212,351,308,105,395,287,304,539,278,240,396,187,337,353,400,325,225,137,128,222,524,284,182,293,172,36,259,241,208,213,73,237,153,148,363,79,295,185,141,126,196,274,41,262,153,163,262,62,246,100,51,179,46,171,90,141,131,131,188,108,86,104,70,12,155,237,132,117,39,163,83,311,247,234,59,111,87,236,228,11,129
201407,1576,3804,1983,1037,1543,922,2089,901,416,810,523,1085,562,590,378,750,871,655,376,227,414,344,82,377,346,282,551,189,235,367,165,352,374,400,343,238,164,115,306,425,245,190,212,227,59,267,102,255,248,150,259,172,176,388,62,267,187,93,103,303,295,115,238,136,217,340,50,249,107,89,227,96,153,70,137,157,169,187,91,109,144,55,36,187,255,154,96,91,163,88,328,273,180,71,117,64,225,260,11,125
201408,1516,3387,1904,1124,1642,790,1975,931,461,795,529,1034,435,477,268,734,779,588,444,191,255,291,136,313,316,239,566,204,218,308,184,296,357,378,369,128,113,110,170,274,246,164,153,234,47,276,94,225,216,100,292,117,128,376,30,255,166,84,135,286,286,102,247,161,261,455,96,237,121,46,283,90,287,108,89,143,170,210,94,131,158,50,23,179,255,127,74,65,156,71,360,245,195,54,80,80,196,181,48,83
201409,1515,2688,1688,1646,1305,754,1941,844,435,707,299,853,417,583,210,527,811,464,346,221,291,337,118,309,310,213,393,252,268,287,183,224,351,330,358,77,88,121,172,371,196,203,220,214,31,262,143,199,204,93,288,175,153,276,32,242,214,83,132,225,254,116,213,167,235,383,63,243,66,141,192,106,298,150,72,136,116,210,126,105,206,82,,132,241,91,101,102,203,81,231,150,142,42,73,70,227,154,,67
201410,1623,2211,1512,1669,1360,924,1951,881,515,682,288,828,401,514,280,517,823,552,372,169,350,306,124,343,343,298,429,230,312,379,205,255,322,367,354,158,71,217,143,436,250,185,258,229,72,281,148,256,219,79,290,109,149,252,70,228,192,102,193,191,279,122,240,150,256,381,56,236,83,109,215,134,335,175,97,193,172,201,148,129,208,53,82,187,242,84,108,95,200,72,204,151,129,75,95,84,236,113,,108
201411,1615,2330,1596,1558,1748,827,1947,890,371,702,131,922,340,537,182,577,761,528,372,201,260,327,154,330,354,288,509,221,201,365,206,216,322,333,377,137,164,190,180,520,257,146,233,276,34,252,134,208,218,94,274,142,148,235,166,232,211,121,193,180,240,85,214,126,208,394,82,240,62,28,181,97,297,131,71,185,149,253,156,148,185,95,20,166,240,240,105,132,158,91,214,219,166,97,58,68,209,130,25,124
201412,1360,1652,1286,1561,1481,565,2004,664,361,428,198,706,413,368,89,532,908,441,225,151,137,198,93,284,333,282,444,111,81,252,147,208,164,285,245,79,110,146,86,164,164,119,115,243,56,192,40,121,146,66,290,54,116,148,175,368,165,46,109,126,149,45,198,158,171,312,28,156,48,245,190,46,256,70,50,163,152,173,91,108,140,42,14,163,151,210,41,103,108,66,149,67,176,42,26,43,140,148,26,27
201501,1727,1850,1466,1449,1407,844,2736,800,313,489,239,751,376,503,160,510,1225,500,325,191,278,305,79,337,354,503,450,173,229,235,197,230,321,377,314,92,106,141,181,446,214,151,228,421,18,230,111,138,216,84,448,135,95,214,180,364,198,144,130,108,249,55,215,172,287,443,12,248,83,185,188,81,296,130,219,201,142,238,72,121,126,62,20,165,232,226,92,68,170,120,203,168,126,83,63,83,213,189,,66
201502,1925,1557,1401,1448,1487,589,2263,654,275,479,124,652,315,375,76,416,1015,366,282,194,240,226,103,261,306,374,363,114,224,544,154,181,177,271,314,108,89,130,78,184,179,122,141,297,11,210,87,158,198,71,351,126,58,166,63,338,169,128,120,87,235,61,192,121,320,362,19,229,57,163,108,60,236,116,207,156,134,171,69,96,126,37,,141,162,220,86,33,181,102,146,89,85,73,54,38,127,135,,60
201503,2186,2195,1510,1527,1716,804,2705,887,399,523,259,896,419,473,101,622,1188,454,292,250,287,332,97,364,445,624,611,195,294,520,162,227,269,417,405,83,126,206,175,372,242,146,216,359,21,287,133,207,259,56,416,129,105,215,123,397,209,318,142,70,232,88,229,253,307,436,53,260,117,183,201,113,195,113,246,193,119,207,117,126,162,56,,150,253,241,85,62,164,94,155,150,170,78,81,64,180,125,,101
201504,1623,1875,1401,1375,1563,560,2389,868,449,467,251,885,365,444,127,649,1056,506,297,244,320,301,71,291,348,662,695,177,211,476,143,222,234,363,365,62,121,167,156,138,159,174,142,366,23,242,92,189,227,83,396,137,100,157,61,405,200,225,128,66,207,98,216,220,286,426,108,226,60,347,186,90,198,108,208,234,199,175,73,100,183,61,20,154,217,175,100,55,180,59,136,93,101,67,57,39,183,157,14,85
201505,1536,1742,1255,1418,1711,525,2145,761,481,440,219,905,388,467,310,591,1036,531,277,231,263,247,14,338,296,763,724,144,189,495,103,275,200,288,395,67,137,173,135,210,230,142,103,307,24,249,93,160,181,59,389,81,81,153,55,496,271,135,107,59,246,52,233,206,247,362,61,211,55,178,195,93,162,81,138,202,203,163,96,75,135,11,,142,208,100,61,50,145,68,160,75,81,67,64,20,98,193,,130
201506,1334,1922,1435,1178,1629,507,2296,715,545,315,275,1090,332,219,395,824,909,535,294,133,243,174,37,331,207,699,689,141,149,563,90,262,241,284,375,58,95,119,221,177,227,102,127,304,47,181,67,129,178,43,393,66,75,208,51,434,243,118,129,65,196,44,252,255,251,360,36,209,28,138,140,39,117,57,84,131,201,157,65,79,112,25,,133,181,62,61,32,114,70,154,105,80,16,35,31,124,152,,117
201507,1818,2931,1670,1461,2211,554,2543,906,664,475,449,1346,501,408,490,988,1058,604,407,294,377,256,82,389,362,769,792,162,220,566,168,336,273,318,410,148,169,190,235,294,264,196,185,443,56,244,108,198,227,85,467,161,82,314,29,476,269,351,145,115,241,60,324,276,391,412,130,252,67,249,171,118,181,79,211,236,215,158,121,112,215,41,12,154,181,97,90,57,178,124,165,108,121,65,119,90,147,181,11,117
201508,1761,3164,1531,1371,2281,632,2626,908,626,457,360,1380,485,395,420,1170,1140,581,410,228,403,284,99,354,295,813,895,168,224,585,186,345,330,317,420,104,109,214,204,158,231,142,167,409,58,276,88,207,230,65,428,133,124,333,38,461,273,265,119,66,226,50,359,246,408,392,153,279,62,126,133,80,281,66,156,198,220,204,107,89,184,84,,149,222,53,58,47,138,97,189,139,93,61,126,86,173,152,11,187
201509,1503,2548,1397,1338,1819,702,2402,854,643,450,290,1201,329,403,412,896,1040,480,402,186,266,366,110,322,369,752,707,163,235,470,139,298,251,289,375,79,108,161,198,193,221,126,149,373,26,195,123,178,193,26,427,168,71,240,60,444,235,234,197,122,233,94,293,230,371,372,144,261,69,46,171,124,341,127,128,253,216,211,106,94,236,107,11,138,212,70,88,71,150,114,132,164,82,51,110,99,160,178,,152
201510,1726,1705,1148,1049,1768,649,2657,927,606,454,207,982,353,362,329,382,1133,560,286,178,355,286,73,340,294,697,641,163,298,446,175,266,295,317,419,141,95,248,144,441,211,164,179,421,14,241,84,189,189,46,363,146,77,159,62,419,277,276,185,95,221,148,286,218,396,350,125,269,43,62,212,117,299,145,141,286,217,239,104,116,257,86,15,136,222,85,73,93,165,129,117,66,96,68,121,86,192,121,26,155
201511,1583,1571,1250,1096,1899,571,3384,860,684,393,219,995,249,346,228,397,1231,523,383,173,267,260,85,269,301,657,542,143,196,349,146,264,278,241,461,76,96,208,122,411,198,107,189,382,13,242,77,119,150,25,330,119,121,211,101,418,258,109,144,116,210,76,281,206,348,345,175,254,52,,183,94,260,94,95,244,193,226,154,91,221,61,,157,208,151,72,134,131,85,207,38,77,76,105,98,151,148,24,99
201512,1256,1153,967,1033,1338,268,2956,803,538,243,221,682,261,208,162,284,948,453,173,90,109,214,27,229,165,603,521,46,140,175,87,223,113,203,318,69,107,92,63,95,122,58,105,355,17,207,13,118,133,,215,68,81,100,146,417,232,28,86,191,127,47,211,173,242,283,110,219,27,35,198,30,295,26,99,200,176,180,101,98,166,56,,116,155,194,16,73,113,85,193,14,72,47,76,39,84,140,,69
201601,1436,1090,1220,1563,1615,427,3145,899,615,312,192,907,327,374,285,207,1270,503,173,135,221,250,62,271,295,644,554,85,151,287,166,334,299,265,466,43,103,133,95,191,205,151,170,371,30,229,78,150,175,96,316,145,120,117,139,425,294,161,146,201,215,68,219,220,386,420,183,257,41,133,194,120,300,111,195,254,185,207,207,91,149,90,,145,152,202,52,84,209,121,190,,52,68,115,79,179,144,,51
201602,1635,847,1038,1519,1422,280,2775,860,584,236,126,745,215,311,202,163,1058,450,244,121,187,283,58,286,184,559,534,110,120,172,169,289,228,235,388,42,105,157,74,106,155,82,160,374,,213,37,136,163,170,266,82,86,79,87,389,255,87,99,183,152,62,209,144,345,329,169,209,39,39,126,70,243,72,197,221,163,175,213,73,92,53,,104,187,195,27,44,143,72,279,48,49,43,73,58,112,125,11,51
201603,1818,1238,1217,1631,1555,481,3095,950,673,264,255,805,316,419,187,169,1110,462,258,170,165,351,69,303,265,872,598,138,183,188,158,364,263,310,481,41,126,223,123,96,162,123,234,325,62,211,41,172,176,33,340,104,104,191,70,430,283,102,105,162,157,99,231,286,351,362,139,257,68,73,103,99,239,110,210,237,153,171,217,71,220,60,,135,221,160,13,52,142,106,117,54,64,117,113,63,137,149,,140
201604,1433,1077,1205,1651,1412,360,2809,934,651,261,201,953,213,470,178,202,997,500,168,140,181,350,23,333,256,955,490,77,155,392,141,355,226,274,481,34,115,162,164,35,133,139,185,274,,181,36,197,169,,275,123,59,334,56,366,256,76,97,76,140,118,239,258,336,313,102,186,78,70,102,53,182,56,173,266,221,172,163,75,184,34,,119,191,57,13,59,88,73,39,67,54,96,116,65,145,138,,86
201605,1275,1123,1206,1469,1244,353,2866,890,772,281,301,966,274,365,160,250,1125,563,171,173,131,331,49,351,246,1026,415,87,190,280,189,314,217,232,493,48,103,166,132,73,182,109,163,290,24,197,22,126,141,,293,84,89,273,40,485,282,147,106,66,134,100,251,224,320,327,126,213,28,37,68,105,169,37,165,220,269,124,176,91,125,64,,105,167,77,78,56,152,79,72,58,56,113,104,50,134,136,,151
201606,1214,1416,1254,1644,1584,371,2835,830,833,283,438,999,379,352,305,364,1171,615,198,126,157,252,40,413,293,1075,558,113,206,455,124,412,245,207,459,101,121,154,240,26,237,84,137,279,,230,46,155,201,11,325,102,123,319,12,501,293,139,64,100,122,74,333,273,336,311,133,197,27,85,93,80,140,49,188,265,252,171,192,81,148,31,11,122,126,77,27,33,118,60,108,97,65,76,99,47,111,165,,161
201607,1449,1581,1120,1623,1649,327,2755,786,833,262,440,1036,355,304,312,873,1166,647,290,119,193,271,12,399,279,1094,567,83,221,442,84,430,206,247,475,125,98,160,154,24,278,123,159,273,13,224,27,201,166,24,312,70,72,253,43,486,326,218,76,89,183,63,300,286,326,429,130,198,39,104,58,89,133,53,198,298,290,152,156,63,74,55,15,140,136,84,57,35,98,79,42,39,85,67,79,50,139,93,,165
201608,1255,1660,1173,1672,1917,229,2814,889,805,311,512,1127,438,327,266,720,1109,649,270,123,181,273,16,368,289,990,547,118,188,342,112,477,190,266,554,123,58,154,227,129,208,129,154,296,27,181,33,180,183,33,330,70,97,225,12,523,313,210,101,87,248,60,296,280,334,456,87,203,72,74,83,55,204,38,121,300,259,176,164,95,119,39,11,134,138,50,53,46,78,84,98,52,48,99,93,56,141,120,16,141
201609,1295,1231,1081,1363,1452,264,2577,798,846,272,259,879,390,464,127,701,1025,569,138,135,177,338,48,323,298,910,515,70,233,332,108,419,207,248,492,62,84,143,147,271,249,137,123,291,14,163,,133,151,11,299,87,55,162,13,422,356,90,71,79,242,132,280,264,337,409,121,148,39,36,161,50,319,63,63,330,243,196,183,90,129,70,232,145,143,78,14,72,111,87,65,31,25,99,124,59,171,77,59,95
201610,1605,1402,1325,1684,1804,284,3426,868,971,376,407,1092,430,461,239,614,1403,638,270,173,220,345,79,374,384,1071,583,143,275,245,138,421,297,292,546,103,113,215,149,346,253,212,168,331,11,205,31,258,165,,356,120,106,259,37,516,403,105,104,65,266,138,334,290,474,518,144,246,30,209,111,103,319,129,129,498,284,186,196,116,300,68,260,163,177,52,22,104,136,101,79,64,32,122,118,69,201,128,52,183
201611,1475,900,1089,1640,1685,344,3218,901,906,322,285,1073,334,377,209,585,1296,533,273,148,196,293,27,322,398,1016,493,114,251,196,147,447,225,232,479,84,113,227,105,334,170,204,140,326,13,186,32,190,120,25,291,120,106,242,174,441,367,122,143,116,231,74,258,241,353,451,192,209,34,153,104,109,355,85,82,449,244,257,170,145,245,93,301,193,127,131,27,131,124,88,65,67,41,164,110,51,133,119,28,160
201612,1209,702,864,1529,1331,175,2634,684,673,187,205,1096,330,212,176,320,952,508,100,131,124,188,37,221,283,1084,563,67,137,92,156,379,160,143,415,112,149,149,96,69,115,108,102,200,,137,,175,139,,305,58,43,173,177,515,261,57,93,144,213,47,195,325,363,311,107,106,30,198,145,59,295,41,60,429,245,191,113,54,121,52,74,143,94,195,23,70,67,54,55,34,25,136,65,20,133,131,12,79
201701,1627,782,871,1315,1260,333,3214,726,873,279,201,1027,375,310,178,373,1166,496,165,112,216,303,30,324,311,939,562,106,213,22,163,481,179,236,524,240,107,212,73,313,195,188,127,282,11,182,26,155,192,,348,213,58,164,114,450,307,127,169,162,227,88,227,355,372,482,157,178,59,83,125,98,297,81,220,451,220,177,179,70,138,88,390,121,104,247,27,42,149,102,48,31,29,245,173,93,146,146,11,120
201702,1820,742,755,1169,1302,154,2697,617,763,247,124,886,260,220,103,262,943,485,88,102,135,344,13,269,285,854,475,52,247,85,161,363,167,217,406,210,161,171,92,233,179,195,162,244,,149,11,135,132,11,324,200,73,194,14,397,282,64,116,134,197,79,218,333,431,414,118,154,37,69,75,27,193,61,197,494,170,147,152,47,81,47,231,139,106,274,29,14,110,68,54,37,30,173,143,98,102,125,50,76
201703,2051,1209,1106,1823,1406,213,3141,773,838,331,123,943,332,409,163,286,1049,399,171,117,217,343,28,284,284,979,460,153,199,63,217,419,169,214,481,331,137,237,80,195,151,178,214,256,11,184,43,127,327,,370,186,78,187,55,422,282,223,157,144,291,121,219,361,439,499,181,151,54,116,147,70,238,100,285,533,178,175,136,77,284,70,170,125,167,248,57,30,111,91,58,63,26,186,160,100,120,169,34,44
201704,1803,965,886,1818,1451,285,2904,708,851,323,235,1065,360,345,168,391,995,482,111,108,227,256,29,299,338,904,443,86,191,,164,394,219,143,395,283,154,221,129,75,170,154,154,243,14,195,,147,232,,339,172,50,289,46,438,266,36,139,108,262,102,194,388,445,427,155,143,55,48,107,68,191,72,274,529,165,171,163,74,160,54,97,158,167,181,27,59,124,82,40,34,33,123,140,83,119,176,,151
201705,1496,872,794,1749,1400,172,2851,574,967,233,119,930,470,344,69,293,945,524,171,123,186,237,22,237,378,891,390,84,175,13,162,408,146,158,386,243,84,198,60,35,196,159,163,179,12,127,25,65,453,,377,167,31,195,27,582,248,31,120,66,231,74,212,302,370,390,123,124,38,65,119,70,155,125,252,497,304,167,153,57,142,65,141,176,134,133,40,11,108,47,50,92,,101,187,112,89,145,,127
201706,1574,1072,962,2136,1519,253,2824,743,1158,354,272,1552,421,455,203,500,1022,665,314,101,178,275,23,314,394,998,480,44,217,64,174,432,165,236,509,289,110,151,173,90,221,139,204,184,11,216,24,198,439,,347,137,51,247,,665,292,129,113,64,243,98,246,430,440,440,112,130,59,148,106,108,238,52,196,537,430,244,143,135,74,50,80,210,133,129,20,70,95,72,55,119,60,128,166,92,96,180,,175
201707,1535,1307,1061,2450,1875,280,3047,797,1133,287,369,1794,554,491,171,608,1141,682,306,129,299,299,12,325,378,878,519,141,225,97,154,476,246,164,476,307,146,146,193,333,232,173,159,242,11,224,39,170,470,36,385,167,80,417,15,687,358,308,59,73,263,107,269,527,499,432,194,139,67,218,110,97,229,72,253,514,452,246,174,114,226,64,304,208,130,503,23,50,129,88,94,106,86,110,183,95,104,148,12,199
201708,1519,1356,916,2340,1894,281,3020,862,1169,359,269,1733,507,407,223,494,923,622,341,138,193,218,,286,405,893,558,157,227,12,205,453,193,199,497,322,79,171,133,135,220,170,190,264,22,135,34,152,458,,426,189,46,334,61,653,328,96,188,76,218,68,297,451,496,457,209,107,39,148,87,74,404,60,208,497,437,210,208,116,139,74,84,195,138,571,25,74,100,82,87,144,55,119,165,120,197,132,37,167
201709,1398,1021,634,1859,1660,326,3026,778,1090,258,191,1438,361,445,145,357,888,442,209,150,189,257,23,269,362,736,428,111,258,13,222,387,154,190,396,172,86,183,145,172,146,156,151,204,11,155,,127,305,,303,198,36,241,83,581,280,57,125,57,201,134,216,320,521,426,244,128,72,147,430,117,766,41,178,531,330,275,231,113,202,73,14,191,138,486,16,45,114,92,66,89,58,102,210,116,190,129,11,89
201710,1383,958,729,1900,1385,236,2958,790,1095,362,179,1372,305,381,234,146,994,457,216,163,204,294,39,308,433,708,382,136,280,123,241,394,182,216,459,158,72,230,104,155,157,152,168,223,25,119,40,151,184,11,328,196,50,235,87,607,315,68,208,55,243,166,194,376,506,471,230,146,30,138,399,120,700,109,112,531,333,255,165,116,153,115,96,186,164,427,31,38,100,99,35,98,62,123,178,103,202,93,22,162
201711,1474,846,939,1624,1287,236,3286,691,981,345,120,1320,412,293,147,235,895,438,282,152,134,239,39,302,377,589,344,239,179,192,213,410,160,166,391,211,672,241,92,131,161,133,168,301,,145,29,120,140,13,338,157,26,251,162,597,315,82,221,479,178,131,239,341,495,368,229,201,45,118,302,101,602,82,53,612,391,239,171,118,191,138,89,215,123,1134,34,133,119,115,24,79,39,149,178,132,151,506,15,85
201712,1266,515,1043,1685,1248,163,2705,520,987,479,162,1063,205,116,39,57,748,408,162,74,132,145,23,236,217,1015,310,56,133,120,202,430,108,103,306,126,658,161,85,11,123,65,181,185,,108,12,128,148,,431,105,13,103,196,562,248,59,122,528,131,29,141,288,429,287,108,148,12,89,192,31,513,42,94,491,306,204,100,60,106,66,11,135,104,919,11,79,63,49,26,47,11,127,100,89,82,635,15,93
201801,1487,414,1058,1812,1584,185,3328,725,1503,742,134,1107,277,411,47,75,1280,432,82,178,174,236,,283,290,1037,477,129,212,127,221,397,167,225,469,230,551,225,62,73,127,158,197,223,,163,59,127,184,,413,177,84,132,146,909,403,53,215,353,184,106,196,377,460,379,224,249,40,90,113,97,345,101,268,592,575,226,191,90,93,60,48,238,101,698,21,69,111,114,52,86,40,143,164,110,145,461,,257
201802,1392,339,897,1401,1480,90,2707,644,1505,620,104,961,281,257,,25,985,431,71,86,163,218,,205,293,952,428,53,100,80,208,309,139,109,403,171,248,131,17,,51,127,227,344,,143,12,38,80,,336,142,71,71,44,833,357,87,94,106,160,62,205,402,460,252,156,200,45,95,69,54,264,39,233,404,561,173,147,108,11,41,,226,111,365,18,38,84,59,,78,68,120,137,99,76,296,,253
201803,1602,393,926,1697,1496,136,3051,611,1683,605,142,1160,365,358,12,62,1037,432,91,143,222,254,,272,313,976,466,71,160,131,190,379,104,136,430,169,92,149,39,63,161,138,214,407,,179,12,58,129,,347,153,84,91,80,920,321,67,103,25,123,82,241,422,495,309,164,261,17,634,123,65,289,69,334,531,573,226,143,75,129,45,45,235,145,165,32,45,102,73,42,74,46,96,142,96,136,143,,299
201804,1348,461,789,1672,1422,146,2913,699,1791,651,215,1168,303,415,102,36,1069,377,130,172,166,239,11,318,282,932,391,38,121,118,204,391,147,132,415,264,109,151,70,52,107,113,221,398,12,143,12,75,88,,355,170,73,110,30,884,323,55,148,22,120,76,192,501,486,294,160,199,82,470,96,83,225,28,338,494,567,278,129,74,85,74,39,207,108,156,34,52,69,57,25,62,47,114,112,65,138,86,,231
201805,1184,273,777,1591,1229,128,2683,632,1547,566,186,1126,360,341,24,37,928,403,79,149,162,178,,303,324,1091,493,89,89,51,178,366,111,77,370,215,77,155,50,13,87,187,156,329,,134,46,81,82,,464,160,64,61,43,733,299,44,99,18,100,101,196,391,424,265,184,147,28,307,108,82,223,25,303,490,493,299,148,71,62,77,22,204,70,148,14,40,87,63,26,70,53,62,113,89,101,91,,218
201806,1337,630,961,1936,1472,160,2938,847,1666,597,234,1416,264,360,90,121,1151,563,154,122,202,233,,389,273,1734,571,147,153,116,152,446,153,104,457,282,69,158,55,34,172,142,223,379,,152,46,120,123,,635,159,84,109,31,800,421,123,116,24,136,63,227,433,516,309,178,238,37,347,113,58,239,41,242,597,551,310,135,89,45,45,49,197,120,114,13,78,93,93,14,98,64,99,75,101,167,116,,295
201807,1309,500,942,1993,1525,122,2746,847,2011,546,424,1531,271,331,66,293,1179,583,183,105,173,234,,414,281,1622,583,107,178,87,191,449,135,139,468,297,87,178,136,15,170,123,188,368,,139,49,141,115,,590,146,84,129,49,867,363,96,87,12,164,62,217,410,629,296,123,185,26,369,135,65,240,56,298,493,581,315,149,51,60,55,40,193,121,153,18,53,90,77,,93,77,61,96,92,112,90,,334
201808,1260,596,971,2548,1627,135,2624,944,2142,581,274,1507,326,455,110,175,1083,518,194,147,215,265,13,343,454,1529,632,122,205,37,176,446,168,177,425,238,83,238,141,24,136,144,182,424,12,149,14,151,123,,667,157,79,138,22,921,304,116,86,14,194,61,203,385,595,283,219,184,63,365,91,41,247,41,231,573,525,348,159,70,55,68,56,209,86,126,23,65,99,73,11,98,44,111,88,97,133,144,,231
201809,1226,505,806,1886,970,166,2336,792,1910,481,156,1371,196,470,75,48,894,450,105,79,143,252,13,323,326,1147,466,102,241,47,147,342,149,123,284,204,42,234,57,,103,163,193,295,,132,35,88,99,,511,205,60,63,35,764,285,44,91,,144,115,212,217,522,216,264,210,41,256,80,45,168,38,231,528,428,307,218,74,73,80,12,186,91,74,14,64,98,85,11,67,22,60,162,95,125,73,,184
201810,1245,462,823,1808,1253,119,2535,829,1910,609,102,1323,236,504,54,11,1257,413,119,129,215,315,17,347,342,1134,480,102,244,25,160,380,122,118,348,153,36,282,116,25,105,143,131,316,11,168,18,160,106,,563,184,75,47,69,701,275,86,142,,158,128,201,332,477,296,282,232,39,351,107,75,237,88,181,518,486,316,259,86,69,90,49,195,134,162,26,81,122,91,,96,55,96,139,122,148,52,,226
201811,1228,387,828,1780,1157,94,2910,691,1766,573,114,1164,213,364,63,27,1088,390,88,136,157,302,13,328,288,1107,433,77,214,35,173,394,102,111,321,76,94,256,67,27,141,111,149,365,,151,28,134,52,,507,182,65,43,165,821,299,53,189,44,149,112,139,315,516,233,246,204,39,212,82,38,457,42,171,506,444,285,207,72,97,112,78,235,117,803,16,85,99,72,34,56,43,104,76,92,78,71,,196
201812,914,261,903,1685,921,66,2495,468,1574,456,113,997,198,191,73,39,855,463,78,49,131,193,17,228,186,882,509,38,71,11,155,373,57,80,248,61,59,182,28,11,128,65,128,217,,113,11,75,73,,495,122,29,92,214,744,222,39,144,93,70,,124,232,374,164,141,157,,123,93,22,882,28,181,363,398,281,231,55,42,62,58,136,51,600,17,68,60,41,,47,48,120,52,49,41,110,13,139
201901,1205,457,1149,1629,1137,180,3043,726,1831,549,84,1056,281,382,83,38,987,486,130,117,94,295,,369,274,930,645,145,177,24,215,394,122,124,283,249,88,225,75,,84,145,177,330,11,146,12,141,84,,456,150,80,103,195,791,331,62,108,106,146,82,147,283,490,204,276,159,37,182,79,40,973,104,340,415,489,349,242,81,26,70,38,198,140,603,19,61,94,92,,47,43,111,82,110,112,110,,179
201902,1336,336,1032,1276,891,46,2341,498,1526,447,24,887,144,342,148,,762,404,123,92,88,252,,297,264,635,458,47,149,12,178,361,115,138,198,156,84,198,54,12,104,119,97,263,,143,30,93,62,,447,143,68,82,67,693,258,54,101,77,137,51,158,163,341,160,232,143,35,98,61,56,657,45,208,288,402,288,215,47,68,61,24,181,81,257,18,70,108,79,13,26,40,134,59,91,37,79,,161
201903,1361,556,954,1338,950,65,2557,538,1634,468,80,1020,228,439,78,12,880,506,115,119,121,291,,344,325,789,530,90,199,23,163,367,118,140,239,80,76,214,72,,64,110,192,272,,126,12,70,82,,453,135,78,76,66,728,299,54,113,75,135,67,180,204,457,168,252,198,11,259,78,30,342,73,310,397,412,302,218,69,55,55,98,150,134,152,18,83,94,55,,35,26,77,102,91,75,85,16,174
201904,1185,448,967,1285,895,78,2587,576,1592,456,49,998,318,479,96,38,826,544,143,52,90,229,,329,330,830,599,110,221,33,166,371,119,119,244,106,442,189,103,,96,119,141,269,,159,49,131,73,,476,158,73,57,69,799,296,39,148,52,124,94,182,200,419,162,239,147,42,98,158,36,245,43,359,352,519,343,162,68,81,58,35,165,93,159,17,55,107,72,,47,15,74,93,95,50,114,,201
201905,983,315,885,1191,862,76,2508,546,1396,428,105,932,323,438,15,67,777,523,83,106,127,160,,292,329,799,522,87,161,13,229,297,109,146,215,122,582,216,36,,84,168,116,277,,122,11,125,103,,426,145,43,70,54,678,234,44,177,47,112,89,126,184,430,129,254,169,33,92,110,23,186,67,265,457,388,358,237,85,74,28,83,156,82,95,16,81,68,86,11,52,34,58,94,88,143,116,11,140
201906,1086,560,913,1331,920,64,2651,488,1503,491,124,980,288,420,105,49,822,602,194,125,129,265,11,361,356,813,574,52,176,12,227,367,103,68,261,195,531,191,115,11,153,141,140,236,,156,30,130,114,,460,134,80,130,37,737,335,79,153,60,129,67,157,245,414,170,314,154,11,174,149,27,212,78,252,472,440,312,226,90,78,60,75,134,107,80,18,82,86,124,,55,59,43,59,99,124,124,,199
201907,1207,332,998,1426,1150,75,2800,655,1741,422,248,1239,308,435,114,113,944,606,175,120,168,158,,385,342,907,665,94,239,,202,455,137,114,285,132,588,242,84,,168,145,147,232,,159,15,107,140,,481,137,73,129,41,809,283,117,177,75,185,64,187,223,519,197,352,197,24,193,116,50,186,45,231,502,507,376,203,66,55,52,166,169,115,88,15,82,93,107,,80,58,32,106,95,150,153,,217
201908,1064,360,720,1456,1046,81,2666,564,1684,379,241,1062,305,372,83,88,862,606,145,99,135,201,11,348,327,768,562,97,140,15,213,427,115,96,299,85,515,217,104,,116,155,129,205,14,142,14,181,122,,496,141,70,148,47,744,246,65,144,61,134,49,193,218,439,169,276,156,27,152,99,40,290,39,298,459,451,348,234,49,62,30,67,142,94,173,13,61,88,74,,42,15,43,76,98,111,157,,220
201909,1118,332,653,1093,820,69,2597,617,1585,416,188,1054,279,450,81,98,866,511,107,187,147,332,25,309,288,794,469,55,145,26,238,334,111,79,363,60,378,248,93,34,114,129,142,263,,121,54,127,96,,436,173,67,100,36,625,244,41,166,29,144,125,144,229,455,119,470,163,26,227,98,78,353,72,173,539,444,396,252,101,74,50,37,122,100,126,12,74,102,74,,49,27,44,100,83,178,140,,154
201910,1016,310,667,1191,742,73,2506,485,1798,373,168,965,286,424,35,66,822,468,110,168,191,288,17,280,281,1057,477,82,175,,234,337,119,82,294,61,98,214,64,,149,117,189,186,,137,58,164,107,,497,135,70,73,52,660,244,37,187,30,111,117,150,196,362,152,384,163,23,217,131,90,408,91,146,576,363,395,237,79,92,80,14,151,104,182,13,71,92,78,,43,15,78,71,116,190,103,13,171
201911,1094,203,617,1153,795,64,2514,643,1761,381,165,952,167,476,63,52,824,461,115,110,272,278,,319,277,1058,510,26,171,12,193,342,110,58,363,77,112,231,48,,81,92,183,181,,103,13,76,75,,466,138,52,102,169,714,213,61,227,41,112,90,119,221,317,113,361,185,15,108,140,58,283,68,157,556,416,317,250,58,46,41,38,142,130,209,16,53,102,80,,58,13,70,35,122,138,135,11,157
201912,732,132,321,1145,608,47,2041,352,1835,252,94,715,214,226,,11,631,389,17,69,161,118,,168,141,1012,384,23,92,12,170,311,61,46,262,60,103,193,14,,59,50,143,126,,99,12,39,60,,326,81,31,31,188,623,221,51,184,61,91,30,97,124,305,105,224,137,12,23,89,51,288,38,141,425,366,255,163,51,50,38,86,104,52,224,11,98,51,49,,16,23,96,23,70,102,175,,111
202001,902,162,459,1226,764,104,2319,609,1848,328,113,814,247,340,24,55,672,508,77,153,314,243,,307,224,1530,461,39,159,12,227,397,144,82,339,75,95,255,81,,109,102,209,100,,125,48,131,109,,397,144,62,55,78,646,177,42,138,70,93,76,104,198,347,125,325,143,40,130,101,29,229,94,324,654,342,340,221,77,51,44,86,150,84,255,15,97,108,88,,48,,135,80,94,135,137,11,90
202002,995,97,541,1142,630,54,2090,461,1724,271,100,761,204,383,24,51,589,481,75,146,267,280,11,212,172,1346,413,37,140,,174,358,132,95,303,62,101,233,26,,42,88,155,140,,126,32,107,69,,379,122,45,25,48,657,150,24,178,80,79,46,111,175,267,101,272,160,35,103,66,65,181,43,233,542,273,336,189,57,21,,78,111,101,131,,37,62,76,,46,12,102,31,85,117,132,12,121
